{
  "weapons": {
    "pistol": {
      "name": "pistol",
      "display_name": "Pistol",
      "sprite_path": "res://assets/sprites/weapons/pistol-starter.png",
      "fire_mode": "semi",
      "damage": 12,
      "fire_rate": 3.5,
      "projectile_speed": 520,
      "range": 750,
      "spread": 2,
      "pierce": 0,
      "description": "Baseline, reliable sidearm."
    },
    "revolver": {
      "name": "revolver",
      "display_name": "Revolver",
      "sprite_path": "res://assets/sprites/weapons/revolver.png",
      "fire_mode": "semi",
      "damage": 24,
      "fire_rate": 2.0,
      "projectile_speed": 600,
      "range": 900,
      "spread": 1,
      "pierce": 1,
      "description": "Heavy sidearm, precise and punchy."
    },
    "smg": {
      "name": "smg",
      "display_name": "SMG",
      "sprite_path": "res://assets/sprites/weapons/submachinegun.png",
      "fire_mode": "auto",
      "damage": 7,
      "fire_rate": 11,
      "projectile_speed": 500,
      "range": 600,
      "spread": 6,
      "pierce": 0,
      "description": "Close-range DPS spray."
    },
    "assault_rifle": {
      "name": "assault_rifle",
      "display_name": "Assault Rifle",
      "sprite_path": "res://assets/sprites/weapons/automatic rifle.png",
      "fire_mode": "auto",
      "damage": 10,
      "fire_rate": 7,
      "projectile_speed": 620,
      "range": 800,
      "spread": 3,
      "pierce": 0,
      "description": "Stable all-rounder."
    },
    "burst_rifle": {
      "name": "burst_rifle",
      "display_name": "Burst Rifle",
      "sprite_path": "res://assets/sprites/weapons/subrifle.png",
      "fire_mode": "burst",
      "damage": 9,
      "fire_rate": 2.5,
      "burst_count": 3,
      "burst_interval": 0.06,
      "projectile_speed": 640,
      "range": 850,
      "spread": 2.5,
      "description": "Mid-range burst fire."
    },
    "shotgun": {
      "name": "shotgun",
      "display_name": "Shotgun",
      "sprite_path": "res://assets/sprites/weapons/shotgun.png",
      "fire_mode": "semi",
      "damage": 6,
      "pellets": 7,
      "fire_rate": 1.2,
      "projectile_speed": 460,
      "range": 420,
      "spread": 18,
      "pierce": 0,
      "knockback": 300,
      "description": "Close-range burst, wide cone."
    },
    "pump_shotgun": {
      "name": "pump_shotgun",
      "display_name": "Pump Shotgun",
      "sprite_path": "res://assets/sprites/weapons/shotgun.png",
      "fire_mode": "semi",
      "damage": 8,
      "pellets": 6,
      "fire_rate": 0.9,
      "projectile_speed": 450,
      "range": 450,
      "spread": 14,
      "knockback": 400,
      "description": "Slower but hits harder."
    },
    "sniper_rifle": {
      "name": "sniper_rifle",
      "display_name": "Sniper Rifle",
      "sprite_path": "res://assets/sprites/weapons/sniper.png",
      "fire_mode": "semi",
      "damage": 60,
      "fire_rate": 0.6,
      "projectile_speed": 900,
      "range": 1300,
      "spread": 0.5,
      "pierce": 2,
      "description": "High range, high damage."
    },
    "marksman_rifle": {
      "name": "marksman_rifle",
      "display_name": "Marksman Rifle",
      "sprite_path": "res://assets/sprites/weapons/rare sniper.png",
      "fire_mode": "semi",
      "damage": 28,
      "fire_rate": 1.8,
      "projectile_speed": 700,
      "range": 1000,
      "spread": 1,
      "pierce": 1,
      "description": "Precision mid-range."
    },
    "lmg": {
      "name": "lmg",
      "display_name": "LMG",
      "sprite_path": "res://assets/sprites/weapons/rare minigun.png",
      "fire_mode": "auto",
      "damage": 8,
      "fire_rate": 9,
      "projectile_speed": 560,
      "range": 750,
      "spread": 6,
      "description": "Sustained fire, heavy recoil."
    },
    "minigun": {
      "name": "minigun",
      "display_name": "Minigun",
      "sprite_path": "res://assets/sprites/weapons/minigun.png",
      "fire_mode": "auto",
      "damage": 5,
      "fire_rate": 14,
      "projectile_speed": 520,
      "range": 700,
      "spread": 8,
      "spin_up_time": 0.6,
      "description": "Spin-up bullet hose."
    },
    "laser": {
      "name": "laser",
      "display_name": "Laser",
      "sprite_path": "res://assets/sprites/weapons/rare weapon outline.png",
      "fire_mode": "auto",
      "damage": 14,
      "fire_rate": 5,
      "projectile_speed": 900,
      "range": 1100,
      "spread": 0.5,
      "pierce": 1,
      "description": "Precise energy weapon."
    },
    "railgun": {
      "name": "railgun",
      "display_name": "Railgun",
      "sprite_path": "res://assets/sprites/weapons/deagle.png",
      "fire_mode": "charge",
      "damage": 100,
      "fire_rate": 0.4,
      "projectile_speed": 1100,
      "range": 1400,
      "spread": 0,
      "pierce": 4,
      "charge_time": 0.8,
      "description": "Charged pierce shot."
    },
    "grenade_launcher": {
      "name": "grenade_launcher",
      "display_name": "Grenade Launcher",
      "sprite_path": "res://assets/sprites/weapons/rare mouse aim.png",
      "fire_mode": "semi",
      "damage": 40,
      "fire_rate": 1.0,
      "projectile_speed": 400,
      "range": 650,
      "spread": 4,
      "explosive_radius": 60,
      "description": "AoE splash damage."
    },
    "rocket_launcher": {
      "name": "rocket_launcher",
      "display_name": "Rocket Launcher",
      "sprite_path": "res://assets/sprites/weapons/rare weapon outline.png",
      "fire_mode": "semi",
      "damage": 70,
      "fire_rate": 0.6,
      "projectile_speed": 300,
      "range": 750,
      "explosive_radius": 90,
      "knockback": 800,
      "description": "Slow heavy AoE."
    }
  }
}